title,url
Agent de production  H/F,https://www.lejobadequat.com/emplois/260823-agent-de-production-h-f-fr
Gestionnaire client  H/F,https://www.lejobadequat.com/emplois/260822-gestionnaire-client-f-h-fr
Agent de fabrication  H/F,https://www.lejobadequat.com/emplois/260821-agent-de-fabrication-f-h-fr
Conducteur d&#8217;engins trax,https://www.lejobadequat.com/emplois/260820-conducteur-dengins-trax-fr
Ouvrier isolation   H/F,https://www.lejobadequat.com/emplois/260819-ouvrier-isolation-h-f-fr
Gestionnaire sinistres  H/F,https://www.lejobadequat.com/emplois/260818-gestionnaire-sinistres-f-h-fr
Opérateur de production  H/F,https://www.lejobadequat.com/emplois/260816-operateur-de-production-f-h-fr
Preparateur et reparateur vehicules loisirs  H/F,https://www.lejobadequat.com/emplois/260815-preparateur-et-reparateur-vehicules-loisirs-h-f-fr
Ouvrier espaces verts  H/F,https://www.lejobadequat.com/emplois/260813-ouvrier-espaces-verts-h-f-fr
Magasinier receptionnaire  H/F,https://www.lejobadequat.com/emplois/260812-magasinier-receptionnaire-h-f-fr
Technicien méthodes  H/F,https://www.lejobadequat.com/emplois/260811-technicien-methodes-h-f-fr
Cabinier ouvrier polyvalent  H/F,https://www.lejobadequat.com/emplois/260810-cabinier-ouvrier-polyvalent-h-f-fr
Assistant administratif  H/F,https://www.lejobadequat.com/emplois/260860-assistant-administratif-f-h-fr
Controleur tridimensionnel   H/F,https://www.lejobadequat.com/emplois/260859-controleur-tridimensionnel-f-h-fr
Preparateur de commandes CACES 1b &#8211; formation &#8211; meaux,https://www.lejobadequat.com/emplois/260857-preparateur-de-commandes-caces-1b-formation-meaux-fr
Preparateur de commandes CACES 1b &#8211; formation &#8211; bussy saint georges,https://www.lejobadequat.com/emplois/260856-preparateur-de-commandes-caces-1b-formation-bussy-saint-georges-fr
Preparateur de commandes CACES 1b &#8211; formation &#8211; serris,https://www.lejobadequat.com/emplois/260855-preparateur-de-commandes-caces-1b-formation-serris-fr
Manutentionnaire  H/F,https://www.lejobadequat.com/emplois/260854-manutentionnaire-h-f-fr
Chaudronnier  H/F,https://www.lejobadequat.com/emplois/260853-chaudronnier-f-h-fr
Chaudronnier  H/F,https://www.lejobadequat.com/emplois/260852-chaudronnier-f-h-fr
Manoeuvre  H/F,https://www.lejobadequat.com/emplois/260851-manoeuvre-h-f-fr
Assistant administratf et comptable  H/F,https://www.lejobadequat.com/emplois/260850-assistant-administratf-et-comptable-f-h-fr
Technicien itinérant matériel médical RHône-alpes   H/F,https://www.lejobadequat.com/emplois/260849-technicien-itinerant-materiel-medical-rhone-alpes-h-f-fr
Responsable maintenance industrielle  H/F,https://www.lejobadequat.com/emplois/260848-responsable-maintenance-industrielle-h-f-fr
Chargé de recrutement  H/F,https://www.lejobadequat.com/emplois/260847-charge-de-recrutement-h-f-fr
Coffreur/bancheur  H/F,https://www.lejobadequat.com/emplois/260846-coffreur-bancheur-f-h-fr
Superviseur(se) camionneur  H/F,https://www.lejobadequat.com/emplois/260845-superviseurse-camionneur-h-f-fr
Manutentionnaire btp  H/F,https://www.lejobadequat.com/emplois/260844-manutentionnaire-btp-f-h-fr
Chef mécanicien TP  H/F,https://www.lejobadequat.com/emplois/260841-chef-mecanicien-tp-h-f-fr
Employe(-e) mise en rayon  H/F,https://www.lejobadequat.com/emplois/260840-employe-e-mise-en-rayon-h-f-fr
Employe(-e) de magasin  H/F,https://www.lejobadequat.com/emplois/260838-employe-e-de-magasin-h-f-fr
Technicien de maintenance  H/F,https://www.lejobadequat.com/emplois/260837-technicien-de-maintenance-f-h-fr
Opérateur de fabrication et conditionnement  H/F,https://www.lejobadequat.com/emplois/260836-operateur-de-fabrication-et-conditionnement-f-h-fr
Agent logistique  H/F,https://www.lejobadequat.com/emplois/260835-agent-logistique-f-h-fr
Cariste CACES 3  H/F,https://www.lejobadequat.com/emplois/260834-cariste-caces-3-f-h-fr
Assistant commercial adv  H/F,https://www.lejobadequat.com/emplois/260831-assistant-commercial-adv-f-h-fr
